{
  "accuracy": 0.8457142857142858,
  "precision_macro": 0.8717133862647345,
  "recall_macro": 0.846962037863019,
  "f1_macro": 0.8467264844446838,
  "precision_weighted": 0.8736389586054559,
  "recall_weighted": 0.8457142857142858,
  "f1_weighted": 0.8471415423019593,
  "full_report": {
    "1": {
      "precision": 0.7032258064516129,
      "recall": 0.956140350877193,
      "f1-score": 0.8104089219330854,
      "support": 114.0
    },
    "2": {
      "precision": 0.9213483146067416,
      "recall": 0.6949152542372882,
      "f1-score": 0.7922705314009661,
      "support": 118.0
    },
    "3": {
      "precision": 0.9905660377358491,
      "recall": 0.8898305084745762,
      "f1-score": 0.9375,
      "support": 118.0
    },
    "accuracy": 0.8457142857142858,
    "macro avg": {
      "precision": 0.8717133862647345,
      "recall": 0.846962037863019,
      "f1-score": 0.8467264844446838,
      "support": 350.0
    },
    "weighted avg": {
      "precision": 0.8736389586054559,
      "recall": 0.8457142857142858,
      "f1-score": 0.8471415423019593,
      "support": 350.0
    }
  }
}