{
  "accuracy": 0.9433333333333334,
  "precision_macro": 0.9476107226107225,
  "recall_macro": 0.9433333333333334,
  "f1_macro": 0.9428842504743833,
  "precision_weighted": 0.9476107226107227,
  "recall_weighted": 0.9433333333333334,
  "f1_weighted": 0.9428842504743833,
  "full_report": {
    "1": {
      "precision": 0.8909090909090909,
      "recall": 0.98,
      "f1-score": 0.9333333333333333,
      "support": 100.0
    },
    "2": {
      "precision": 0.9519230769230769,
      "recall": 0.99,
      "f1-score": 0.9705882352941176,
      "support": 100.0
    },
    "3": {
      "precision": 1.0,
      "recall": 0.86,
      "f1-score": 0.9247311827956989,
      "support": 100.0
    },
    "accuracy": 0.9433333333333334,
    "macro avg": {
      "precision": 0.9476107226107225,
      "recall": 0.9433333333333334,
      "f1-score": 0.9428842504743833,
      "support": 300.0
    },
    "weighted avg": {
      "precision": 0.9476107226107227,
      "recall": 0.9433333333333334,
      "f1-score": 0.9428842504743833,
      "support": 300.0
    }
  }
}