{
  "accuracy": 0.95,
  "precision_macro": 0.9530748663101605,
  "recall_macro": 0.9500000000000001,
  "f1_macro": 0.9495290258509134,
  "precision_weighted": 0.9530748663101605,
  "recall_weighted": 0.95,
  "f1_weighted": 0.9495290258509134,
  "full_report": {
    "1": {
      "precision": 0.9,
      "recall": 0.99,
      "f1-score": 0.9428571428571428,
      "support": 100.0
    },
    "2": {
      "precision": 0.9705882352941176,
      "recall": 0.99,
      "f1-score": 0.9801980198019802,
      "support": 100.0
    },
    "3": {
      "precision": 0.9886363636363636,
      "recall": 0.87,
      "f1-score": 0.925531914893617,
      "support": 100.0
    },
    "accuracy": 0.95,
    "macro avg": {
      "precision": 0.9530748663101605,
      "recall": 0.9500000000000001,
      "f1-score": 0.9495290258509134,
      "support": 300.0
    },
    "weighted avg": {
      "precision": 0.9530748663101605,
      "recall": 0.95,
      "f1-score": 0.9495290258509134,
      "support": 300.0
    }
  }
}