{
  "accuracy": 0.8742857142857143,
  "precision_macro": 0.8855452065762393,
  "recall_macro": 0.8749132718802656,
  "f1_macro": 0.8754702744742967,
  "precision_weighted": 0.8869504097593099,
  "recall_weighted": 0.8742857142857143,
  "f1_weighted": 0.8758991385936415,
  "full_report": {
    "1": {
      "precision": 0.762589928057554,
      "recall": 0.9298245614035088,
      "f1-score": 0.8379446640316206,
      "support": 114.0
    },
    "2": {
      "precision": 0.9215686274509803,
      "recall": 0.7966101694915254,
      "f1-score": 0.8545454545454545,
      "support": 118.0
    },
    "3": {
      "precision": 0.9724770642201835,
      "recall": 0.8983050847457628,
      "f1-score": 0.933920704845815,
      "support": 118.0
    },
    "accuracy": 0.8742857142857143,
    "macro avg": {
      "precision": 0.8855452065762393,
      "recall": 0.8749132718802656,
      "f1-score": 0.8754702744742967,
      "support": 350.0
    },
    "weighted avg": {
      "precision": 0.8869504097593099,
      "recall": 0.8742857142857143,
      "f1-score": 0.8758991385936415,
      "support": 350.0
    }
  }
}